{"cxtvw": 49, "zmzls": 0.6572034303395277, "xrpiu": -63, "ikzlh": false, "pynya": true, "dhuoe": 43, "zxjhz": 10, "afpai": -29, "xslus": 0.3132285295881413, "btvba": 0.488101959776177, "cziwz": 0.2778781715989007, "ckbjq": 0.11218849198728709}